0,0.024858350458401398,1,0.01616892848579969,2,0.0209236330167509,3,0.015738683005312188,4,0.046578607314568976,5,0.010116056353395795,6,0.013875432007409564,7,0.005896090237819528,8,0.021925910872916496,9,0.008685141923013033,10,0.009684294377300008,11,0.01600328265748448,12,0.010731354321189046,13,0.015835850509271245,14,0.0143697080220228,15,0.015924295795152567,16,0.01164902194235193,17,0.010884178610523244,18,0.01787010524268043,19,0.02421794644472235,20,0.020206857381825524,21,0.020498834000209125,22,0.01415009176229926,23,0.028315120250039922,24,0.029436024100263067,25,0.007342048781458139,26,0.0185590354817695,27,0.014773807797334936,28,0.02843305277753025,29,0.008789474353610943,30,0.012316001478206802,31,0.016747495790448763,32,0.015935041191870024,33,0.03370494144427819,34,0.025020007669685197,35,0.016816785555757965,36,0.02683041276890143,37,0.05228623541344279,38,0.020273093450284784,39,0.01649307169680176,40,0.05440482464581533,41,0.020533246079771635,42,0.016539160211800758,43,0.0248570525763735,44,0.010072450991300164,45,0.018034128578312946,46,0.016166596421696194,47,0.04973539696653322,48,0.013304342677036915,49,0.017488496107255273
0,0.013695825694869105,1,0.014680669968030838,2,0.0070872876998086,3,0.010429536128584679,4,0.019263050592744208,5,0.020111720067527036,6,0.013509040670944201,7,0.0147546657125522,8,0.024715966797424722,9,0.026791487866344426,10,0.015990855595581027,11,0.014313940863713289,12,0.013770784254314787,13,0.013667338382188017,14,0.012923025005350544,15,0.019398410535165368,16,0.014438335887785361,17,0.01091441608066084,18,0.008093486273605491,19,0.09930556486653656,20,0.016191714328861,21,0.03565672767492888,22,0.02728835487291058,23,0.009973875361077278,24,0.0454242869580926,25,0.008415649385997441,26,0.029812869971168388,27,0.021151790201652223,28,0.022781316250504575,29,0.020747209921930472,30,0.012487805568317314,31,0.012874656145956948,32,0.006575339881458945,33,0.08221308701697982,34,0.013778120250260019,35,0.02070479210008731,36,0.015172497121346431,37,0.008924503724671027,38,0.0508464219134959,39,0.01858918351164396,40,0.005838875972469817,41,0.010013498664353694,42,0.005703793439614588,43,0.01085358387125584,44,0.007755540237916603,45,0.013292416291743043,46,0.015969858646267095,47,0.020233785024415023,48,0.01517998336785973,49,0.02769305337903218
0,0.01912946868932148,1,0.011792836133963766,2,0.05614057761064671,3,0.01679564231120627,4,0.03084711996901599,5,0.009706636331932316,6,0.0157059959707793,7,0.009829079047646488,8,0.022637104963031153,9,0.017120398532241957,10,0.0191464999311863,11,0.014098493976367579,12,0.020792095422728887,13,0.023945704854453263,14,0.014113519887610487,15,0.012490497458165783,16,0.011508748556146753,17,0.0088594027650981,18,0.03053824406283688,19,0.01622925730025706,20,0.023455224927931707,21,0.019518392906898,22,0.01587161021739358,23,0.021092373667714274,24,0.024304070691667692,25,0.01422986335375592,26,0.01460600020928195,27,0.024634030813169398,28,0.022368268701493662,29,0.01116230666826369,30,0.013738927169492309,31,0.024824169746938202,32,0.01382816077275399,33,0.025879038494961055,34,0.022099247113797793,35,0.019299874457695956,36,0.01876596275494185,37,0.03914859286480007,38,0.025873567006435234,39,0.015690438113016843,40,0.032719155882727016,41,0.01704417089672006,42,0.018061634586241024,43,0.016909597784564658,44,0.009585008510311764,45,0.013840700318788559,46,0.017875775984951697,47,0.04445156295708401,48,0.01147141555314926,49,0.026223533098422284
0,0.027286400171526604,1,0.01623028262668502,2,0.017898208817161986,3,0.011770538011132472,4,0.023855858167767786,5,0.0084782169924136,6,0.010897810641140563,7,0.01892818461393847,8,0.03990836303587279,9,0.028515108864642907,10,0.014315651593013314,11,0.012884146684691117,12,0.01201291843235102,13,0.009737592496455436,14,0.010163854188243908,15,0.010724466409690991,16,0.01930651471558328,17,0.013182179364380512,18,0.009239070356123796,19,0.11008025354383792,20,0.011072149266577775,21,0.051436573746367814,22,0.020003350549190117,23,0.013534782851825983,24,0.030837475901404742,25,0.01025660645195799,26,0.0185485446146175,27,0.019048733990215238,28,0.025578323946377234,29,0.025588973863558292,30,0.020990432586929078,31,0.016218089172842124,32,0.01157686273757189,33,0.04036267768500736,34,0.022085361137077077,35,0.019123349537133648,36,0.019213086899667095,37,0.01333224011058544,38,0.018337305920321942,39,0.013276682600122032,40,0.015225615764914767,41,0.013120903642374919,42,0.008751890075044023,43,0.01659404198915785,44,0.009475838234811218,45,0.012565383858878525,46,0.019322097450649712,47,0.018663024654790923,48,0.013153315937638233,49,0.027290665095735998
0,0.02213597863743107,1,0.02578123745140996,2,0.008041621172030935,3,0.011816985454442418,4,0.012157878185499965,5,0.016440382626001154,6,0.010683443255362893,7,0.015419356658316181,8,0.045908138469989396,9,0.03980312686618783,10,0.012235094084503031,11,0.009968460351750611,12,0.014872595921966844,13,0.009350872387042346,14,0.00881854302013437,15,0.005826157784609581,16,0.012254968279251523,17,0.012454328267016179,18,0.008621703528435049,19,0.09960020816551997,20,0.009666897750329698,21,0.057256115085974196,22,0.01265440023560875,23,0.010125766975089124,24,0.025180025079257217,25,0.006834268567269548,26,0.02761716332535322,27,0.01892154463727425,28,0.02488102935504986,29,0.03482768178920822,30,0.022134074183076637,31,0.015772822533302592,32,0.015464592039210488,33,0.06109325859075349,34,0.02449649256036351,35,0.02197646532101927,36,0.025008046794874336,37,0.008923943895788341,38,0.02616047393444619,39,0.010477135185474239,40,0.006645140144371836,41,0.010356233200922452,42,0.00885790624495304,43,0.01953815809434151,44,0.00667188843763097,45,0.017262805183624032,46,0.01729449193032406,47,0.022139471568400338,48,0.014566202754754313,49,0.015004424035052975
0,0.02414388864896445,1,0.011978710445646799,2,0.024613526593023453,3,0.01718329343419136,4,0.011003803688574287,5,0.027576614281559404,6,0.012989733418054168,7,0.03181611414430773,8,0.01777512172025447,9,0.01607294349590876,10,0.011198318978463356,11,0.01722698805722986,12,0.015194247003829387,13,0.01415721710932564,14,0.014080049128722724,15,0.010861555087181285,16,0.01572108256323969,17,0.01464266049995824,18,0.02427143874131395,19,0.01174435658395787,20,0.02051026073060015,21,0.009735493290694895,22,0.026561154513778763,23,0.01839252431737488,24,0.011762975166010728,25,0.03613435501890258,26,0.034693139500890036,27,0.030962874789279858,28,0.015543426688431715,29,0.008910105145490087,30,0.005793375029448042,31,0.020942645691038996,32,0.007903553270714157,33,0.018525318537597566,34,0.013308439065733844,35,0.019150795945042844,36,0.011863112509867001,37,0.011730084042057195,38,0.011452551617096662,39,0.01672237345271178,40,0.02646073513298032,41,0.023683286179436058,42,0.013963071848262662,43,0.01783588129075424,44,0.036106085578385044,45,0.08932567611954918,46,0.019056212552657426,47,0.01835519595374214,48,0.019519043956150145,49,0.040844589441614176
0,0.019734734627783277,1,0.02233262399880099,2,0.01797914896362437,3,0.019315094934793487,4,0.01315618511475227,5,0.05842242792251755,6,0.018754672802667544,7,0.009087849282501628,8,0.007566960619588995,9,0.021558296646928835,10,0.05134306422682572,11,0.01312384320813481,12,0.020375689293806766,13,0.00956385315337754,14,0.008098785479815278,15,0.005901663443267421,16,0.011982796773331804,17,0.008336110090603676,18,0.014206259681270183,19,0.005290423321969809,20,0.012355947478483493,21,0.014189195829488693,22,0.014239838498195781,23,0.029049578773211963,24,0.015666419688173144,25,0.010918625018334752,26,0.009243645510545913,27,0.017414673832484906,28,0.022400202870152347,29,0.010955532574206471,30,0.01590531014273585,31,0.021654768510486113,32,0.1502406905356527,33,0.01727505982916592,34,0.022197143735094703,35,0.021464124842941863,36,0.02602067736436641,37,0.009832399799632213,38,0.01585260474766494,39,0.03543332100307407,40,0.014416628156617343,41,0.01807905616123096,42,0.0142488041016102,43,0.029320156417675908,44,0.0077401142723521185,45,0.01048675101885287,46,0.017994022714124983,47,0.016245353075649012,48,0.012552593009924867,49,0.010476276901507464
0,0.02878896094225995,1,0.016450566418495547,2,0.015573696117736797,3,0.036323487312049936,4,0.016019133006835922,5,0.015212515878303981,6,0.007711204436637819,7,0.021758572976839974,8,0.018810517656179335,9,0.02848240722742708,10,0.017630313430848466,11,0.009963155637776689,12,0.02137782610146524,13,0.020382581484485112,14,0.020484666371941518,15,0.00699271414657273,16,0.009746173746580685,17,0.06801842439171811,18,0.014012636614373944,19,0.008987581812791466,20,0.015148908321121127,21,0.01883648464890965,22,0.019626981597924083,23,0.022404648686688348,24,0.007998449273712918,25,0.029698550409346606,26,0.023558844317174227,27,0.01942258713962828,28,0.022142719126909054,29,0.0149075856098844,30,0.03207358382581265,31,0.023295059386578183,32,0.012328682760033648,33,0.045284118325423166,34,0.02967313643685036,35,0.015146141358096986,36,0.01573518379704989,37,0.019871112281519616,38,0.013176204937059491,39,0.018483232110199373,40,0.013933841397602563,41,0.013158273813447375,42,0.010831415267389235,43,0.010413851575926478,44,0.0295288752822522,45,0.017065184121830057,46,0.02833767662856727,47,0.019064755432860774,48,0.015386185980537365,49,0.02074059043834434
0,0.0215895634719855,1,0.0179613715829583,2,0.039132872320341835,3,0.01697357163850363,4,0.013428670916174446,5,0.04006529323813852,6,0.026277441614558947,7,0.01655262720801122,8,0.009350449018422687,9,0.01798561472186798,10,0.01197331805456986,11,0.016739212107505865,12,0.02076388145254324,13,0.028220612461070906,14,0.014125216740714113,15,0.007536620467156257,16,0.012669002256847113,17,0.009059686838693425,18,0.08406240313439332,19,0.00872902441571776,20,0.014062036382941363,21,0.019278432160633446,22,0.021291223739946415,23,0.017740815095321362,24,0.01551902162226098,25,0.011166969754687646,26,0.031413229432226235,27,0.011676058176280056,28,0.023757771052869903,29,0.009263351241683393,30,0.01230412299351456,31,0.041598749126193574,32,0.019131704127956003,33,0.008776708906316731,34,0.029000260203822147,35,0.020317426463680503,36,0.017539931045876474,37,0.019089400223901497,38,0.012077134485358076,39,0.027355063172310803,40,0.01589255826556194,41,0.015845569856256854,42,0.015569008473328087,43,0.02495872833393019,44,0.018080897744733967,45,0.013307317490519404,46,0.03527782720781919,47,0.014799516420450059,48,0.018772118029153937,49,0.011940595110290247
0,0.019952352749917083,1,0.02144941150489643,2,0.01991913420919147,3,0.014827598597828675,4,0.014087785680895476,5,0.015020158973453922,6,0.022192410785887965,7,0.013662774885946633,8,0.016560960874214225,9,0.017362611427220793,10,0.015512602770232857,11,0.18463872386625027,12,0.013980830418354946,13,0.01193780443607565,14,0.010440439585828885,15,0.006704063312428978,16,0.021751324625593413,17,0.008018548832152602,18,0.018069795573213816,19,0.008306399053894447,20,0.03331644514894976,21,0.012250551340542688,22,0.022698135868741,23,0.012532044260869232,24,0.015883380146978713,25,0.009676665289203376,26,0.01093483598729983,27,0.01739372471777086,28,0.041019133080798645,29,0.012903810539475149,30,0.025863459150969565,31,0.0207918924610052,32,0.0071098408414839425,33,0.010272015100766908,34,0.024160589491471422,35,0.012184915666905915,36,0.01751794346477648,37,0.012075049834891686,38,0.018730961860614032,39,0.0259657972163649,40,0.020025173280839394,41,0.01665748293257863,42,0.008605247445592405,43,0.0220296919038492,44,0.009397000528846804,45,0.024378123456546042,46,0.0175274419679662,47,0.013558289564254087,48,0.018433024847517163,49,0.01171160043865227
0,0.018398294620093278,1,0.016257260851259732,2,0.02340500199530808,3,0.02823713863842091,4,0.017862713601381006,5,0.011704630738935096,6,0.010655319779764614,7,0.012643381772355718,8,0.008291680765746682,9,0.018659016331095676,10,0.013055098325228444,11,0.01562976530394183,12,0.024613421589899973,13,0.02210879508861248,14,0.016635273991413475,15,0.005618554238050847,16,0.00720124563624025,17,0.15937716284476516,18,0.008808421575230312,19,0.014974305049363878,20,0.010240086053924836,21,0.01202157693237662,22,0.01925666013677549,23,0.013572196966328066,24,0.009564736847480512,25,0.027921132157502835,26,0.020126778934624306,27,0.024308013275265303,28,0.01444412702213597,29,0.012543608576572515,30,0.011165175718957757,31,0.014548240719509224,32,0.008156516825531392,33,0.03662489403359486,34,0.029771129628015806,35,0.021939287966001548,36,0.019475970552870862,37,0.010099036525952475,38,0.02645365117086517,39,0.013549859158025609,40,0.013730489427449984,41,0.02162081746261844,42,0.009201609415639894,43,0.016191036789362494,44,0.03925061395360544,45,0.014194439534601262,46,0.015297246456351488,47,0.023264846373053587,48,0.016057446891802753,49,0.021272291756096056
0,0.016550039979303828,1,0.015643961158856315,2,0.017735750473229377,3,0.026543617592057395,4,0.017117583758107104,5,0.014898765437534791,6,0.012265671510673851,7,0.023061769899739647,8,0.014901340655952288,9,0.0249011963904659,10,0.02555473260760936,11,0.016637966540859712,12,0.021690065740600267,13,0.020826975142306376,14,0.01732822177471446,15,0.006437630014179973,16,0.01772618407168426,17,0.01884245313768697,18,0.015326174238594462,19,0.012300558006096338,20,0.015967173653111483,21,0.025174260600320107,22,0.02334725875588169,23,0.016966017098496617,24,0.015003202308777601,25,0.03631314846790582,26,0.019227504862787667,27,0.017707662784158657,28,0.019154518296554554,29,0.015218846487213769,30,0.01899594392508241,31,0.02753521544379393,32,0.01653147339581994,33,0.02241893122223327,34,0.018973218141635932,35,0.019147243298078515,36,0.01739018465306794,37,0.0118837324562612,38,0.017152724177997528,39,0.016721534590517194,40,0.017270924473707008,41,0.01163356888412227,42,0.009009386977591627,43,0.0146113738194634,44,0.08387623857437364,45,0.02697941954307924,46,0.03182826817171431,47,0.020395966884991873,48,0.013708421239034542,49,0.023565978681973625
0,0.02324287339742944,1,0.017222690688784945,2,0.019456715260628955,3,0.02503575129178661,4,0.016842295777371497,5,0.02096426128161755,6,0.017128164418050665,7,0.017045062461889672,8,0.01829150579778549,9,0.026783467283865124,10,0.021972454479007305,11,0.011640225895421148,12,0.01826510546551326,13,0.03404721862784709,14,0.01220257840350433,15,0.008356882129569344,16,0.039147486400313465,17,0.009105521507714756,18,0.019294581719881812,19,0.008336190067446625,20,0.01457314649889815,21,0.02693104742914822,22,0.017915797681175714,23,0.024174726182707783,24,0.018167986449892308,25,0.032747827502870704,26,0.028201334011889335,27,0.028585231660025395,28,0.014208982852509327,29,0.013420922423659243,30,0.017324678029895915,31,0.019972633953738148,32,0.019715964823227388,33,0.015553750410312503,34,0.028155313357877954,35,0.02538918046198297,36,0.02587016430951733,37,0.031419686725428136,38,0.011793288969385257,39,0.021605668607690413,40,0.01772774537984167,41,0.02544864009040436,42,0.015880646106266653,43,0.015683989011870403,44,0.01965944020640431,45,0.013868105946681126,46,0.016322138820161668,47,0.019285031424657168,48,0.017468417413020014,49,0.018547480903431335
0,0.016560550050978715,1,0.01335278803300827,2,0.02361446820984093,3,0.023190603749153983,4,0.022085488212145746,5,0.012498839347820733,6,0.007870035006840675,7,0.01546418899311613,8,0.012599794495332887,9,0.024249748386883284,10,0.017804027029779682,11,0.01472713927753648,12,0.01715693881575964,13,0.022897738628618318,14,0.013639977249631932,15,0.0072832262784402095,16,0.012219782575132655,17,0.08250569028542579,18,0.01368482516043236,19,0.011298020945726015,20,0.014358403772149999,21,0.035582158403050436,22,0.016173532716531228,23,0.04879410194556079,24,0.011136077178537717,25,0.01107669159345424,26,0.016951411372261777,27,0.02221851696091013,28,0.019063076047408103,29,0.006952239427584455,30,0.011506762980741967,31,0.02043386051265936,32,0.006927398914110892,33,0.044554367731524255,34,0.029917764692223937,35,0.04607160260127908,36,0.046078121424003506,37,0.008938474499520566,38,0.027504801240019756,39,0.014163939539919243,40,0.01290676238677749,41,0.019311097798501823,42,0.012034114453113143,43,0.01732395014062591,44,0.010621164395173707,45,0.013152157240413053,46,0.01511989040668337,47,0.02092453828873029,48,0.013522632805371118,49,0.021976517799554264
0,0.01574001362771449,1,0.021603996719237732,2,0.02103731982967236,3,0.01466533286911553,4,0.02419162118585275,5,0.012172492433717876,6,0.01119035328439477,7,0.007151733629817742,8,0.050230553502308234,9,0.011024834914165034,10,0.012362814490115113,11,0.011156154652386386,12,0.01344116840764353,13,0.018824525718145916,14,0.022965572982983348,15,0.1387402632068774,16,0.01712862706096206,17,0.010305736744239881,18,0.012779000509190562,19,0.023364234432209505,20,0.013738759119069735,21,0.01952765010070359,22,0.01649082382357712,23,0.015983250895340667,24,0.02134619942897809,25,0.014166399772968989,26,0.018782573880691045,27,0.016076048193389144,28,0.01300394024786464,29,0.011395994528718752,30,0.01657211762636893,31,0.02073990838591942,32,0.011148387858952205,33,0.040221625894233545,34,0.01687124927256448,35,0.019225759489806985,36,0.01631845199685553,37,0.01320456797526069,38,0.02823725864849121,39,0.019795704008708854,40,0.02112120807288216,41,0.022982399146017442,42,0.014633311796484128,43,0.02563694114348068,44,0.00943420165263319,45,0.011124625764901953,46,0.015918597813727536,47,0.01925928658130976,48,0.011279775324154704,49,0.015686631355194665
0,0.018651510987889187,1,0.011997858543970676,2,0.025022449196551597,3,0.0171096121396012,4,0.011204488577463423,5,0.012849964637779453,6,0.0102939959014957,7,0.02383870266644351,8,0.03487912709417059,9,0.016434989621293118,10,0.014712438415072311,11,0.010718000832856033,12,0.01625422125714706,13,0.03159677427396646,14,0.011738960231159968,15,0.009104176520462836,16,0.01666211922836937,17,0.016841217811250093,18,0.013872959312133185,19,0.016891288366883177,20,0.01567474877839414,21,0.013954497809400423,22,0.026001203421731334,23,0.016031056858724267,24,0.027670897014465984,25,0.028413639308545822,26,0.028706187512702732,27,0.030293534673403774,28,0.005263465436423964,29,0.012304048195905868,30,0.01046178363928713,31,0.020129839468601977,32,0.013168922024968907,33,0.010320338307813157,34,0.020245399952860784,35,0.02882055101224863,36,0.0257274804890079,37,0.016213765973075858,38,0.011198700256273814,39,0.012222966707341028,40,0.008193818246738687,41,0.012151673604598678,42,0.008173194720570555,43,0.011619871557196631,44,0.022639455041575825,45,0.020356215800319197,46,0.027941313254240013,47,0.012902908119465352,48,0.02530389601298898,49,0.13721977118516968
0,0.014715658780284205,1,0.017159912203319947,2,0.012859924425473183,3,0.01883440016789524,4,0.01300181336412864,5,0.019007592262971197,6,0.009606085122267446,7,0.009749601457364029,8,0.045009511770267185,9,0.03307770924643053,10,0.01308374866044917,11,0.013114389945007429,12,0.011933355970056283,13,0.01918924927681401,14,0.012251935690767133,15,0.00932870244108309,16,0.029884402548036898,17,0.01331705107559184,18,0.013249590697949551,19,0.02882549192129179,20,0.011273601132781995,21,0.03051280668769083,22,0.017826756329531398,23,0.019351356491330497,24,0.019415592657276964,25,0.01428436207670281,26,0.020069416341082447,27,0.01635766567372078,28,0.027524593493381655,29,0.01928237469372942,30,0.019165817670690182,31,0.021834469764832987,32,0.013509847290462054,33,0.026467086616522365,34,0.022318285435999567,35,0.017212249403988106,36,0.028278081983631093,37,0.010603069529871844,38,0.08570788123520055,39,0.018677505417341866,40,0.00940817189175312,41,0.02223731578210412,42,0.005868429352438456,43,0.03553672937603086,44,0.010655012304491899,45,0.014320822453177503,46,0.017878068944554844,47,0.038461019187582594,48,0.011020407560145393,49,0.017741076194502985
0,0.01745083141636753,1,0.015820415962248913,2,0.015237628896425801,3,0.02495170680162834,4,0.022459613487381982,5,0.017119269565834188,6,0.017915843559633906,7,0.025089026219337437,8,0.014705250642366276,9,0.021342224837371464,10,0.01785093584727513,11,0.017674507062725282,12,0.07842312553965139,13,0.02382974405191006,14,0.01130709115716069,15,0.010938167188849952,16,0.017366692841305126,17,0.011406364713269408,18,0.01004156562061074,19,0.014983652315645874,20,0.01237200976092294,21,0.020594339237659777,22,0.02979558012647477,23,0.017498821181713836,24,0.013798364466127736,25,0.03291850020572222,26,0.02512686900422597,27,0.026743837350652448,28,0.035685473990182154,29,0.010884449346838505,30,0.01435362548115282,31,0.022795539406791902,32,0.012370456316246864,33,0.020254318347832947,34,0.025847158802952457,35,0.019693449772551205,36,0.024467431387388328,37,0.013355845974477825,38,0.012858050415900083,39,0.022049598823857968,40,0.028249926848492958,41,0.019539474315577808,42,0.008454989331586695,43,0.010205395728172785,44,0.023331620941157146,45,0.015577989007120496,46,0.019594578655232127,47,0.017152717985984375,48,0.01664957007139692,49,0.021866359988606473
0,0.03241651165423834,1,0.012360617375929367,2,0.010211604927922495,3,0.017213268545824282,4,0.029897598998971466,5,0.01528218585128305,6,0.008311687664769942,7,0.014329226837939317,8,0.06234223512625934,9,0.0585253258132494,10,0.009335607325277247,11,0.011269786105346095,12,0.011767831004963385,13,0.015981518353416775,14,0.00804269429449977,15,0.007906836975767243,16,0.01292272446526398,17,0.011535738822849003,18,0.010418647277799406,19,0.04963330581467089,20,0.013441697823985455,21,0.03520359819770767,22,0.014849371031585573,23,0.0149596563973459,24,0.06762720352379827,25,0.00813868560832606,26,0.024752094266538464,27,0.01914479532206558,28,0.02044645795608912,29,0.016577534178766992,30,0.013899374554491419,31,0.019311579596351772,32,0.011038206450599523,33,0.0246668894286703,34,0.030207881675464923,35,0.017751538432574997,36,0.025789500995315365,37,0.008507073271703525,38,0.032618563849764755,39,0.01732405739228084,40,0.009496487464916298,41,0.011128095488130244,42,0.005195344294785049,43,0.027993505817991093,44,0.0072899104741819985,45,0.015321146598184305,46,0.01973777980545029,47,0.03154708917007196,48,0.0072017120592506945,49,0.019128215637370737
0,0.026698770051321038,1,0.01800707570509704,2,0.013189761189583465,3,0.01252336504389732,4,0.012110621995904238,5,0.023138897926828425,6,0.012689841092177256,7,0.017030659585388696,8,0.0413531815828324,9,0.04329684941970463,10,0.017820030374093035,11,0.017887613508722134,12,0.015759165598160672,13,0.010084302335357039,14,0.010312070801433097,15,0.0078090834701920984,16,0.017290241758882947,17,0.009285308170438777,18,0.015481275352914258,19,0.03731535136593244,20,0.00932158177530239,21,0.06981592189182875,22,0.014047417087588613,23,0.025260385041171927,24,0.09321465941211188,25,0.00897039222505951,26,0.01995278640070263,27,0.017952705447220586,28,0.023572027247066776,29,0.020443782639833458,30,0.013787077578288036,31,0.013819614962956504,32,0.007325456319719648,33,0.03350769320838292,34,0.017684925932244383,35,0.017514048795907136,36,0.013073374828856734,37,0.01148991551062161,38,0.020048951925520857,39,0.013434536086524847,40,0.009055773764962905,41,0.009274502897871647,42,0.006755041133756802,43,0.017937560875204667,44,0.008926575440131744,45,0.01609440384628819,46,0.019694513520015455,47,0.03608833497761359,48,0.008449745466873278,49,0.02440282743151157
0,0.022871474972888682,1,0.015899741618826638,2,0.01964853046943058,3,0.014362135682697076,4,0.01586904894169329,5,0.051669438851805034,6,0.11583448784769637,7,0.026273608983624963,8,0.012413495734054173,9,0.01646928329842473,10,0.0067896780569459995,11,0.013631990095466963,12,0.01246796666540047,13,0.015376704877045533,14,0.017314889381604585,15,0.013144606197562227,16,0.013224894871511727,17,0.0075133615509301085,18,0.024537928057421242,19,0.01782733558559572,20,0.014802921418340652,21,0.007818438782455013,22,0.012119669547182542,23,0.011011089230395482,24,0.016661094592069763,25,0.01196796353015699,26,0.01065908366619695,27,0.020094871642109758,28,0.011901785756283617,29,0.010941171786596591,30,0.010694611958438564,31,0.01998665501764025,32,0.028140520337368857,33,0.011358057925001235,34,0.022053230941599403,35,0.011736116293000122,36,0.014453225985560815,37,0.009331632621298295,38,0.019147884857778925,39,0.026842272957052406,40,0.014809679282353,41,0.043983574371592865,42,0.02878333917148662,43,0.07175906248111939,44,0.012318191058821154,45,0.018437255380471015,46,0.015144615074667724,47,0.010064555464532299,48,0.015007350906477847,49,0.014829476221325655
0,0.02705419462277462,1,0.01261913366702374,2,0.014277495222784133,3,0.07472386933136031,4,0.010961974802204488,5,0.009025052244880346,6,0.008688686415301775,7,0.009570665295413394,8,0.020274315335105063,9,0.020470392442066575,10,0.06103675777838105,11,0.011220036305015989,12,0.027892085633869527,13,0.01883870903977189,14,0.007605201294304226,15,0.009088926498943892,16,0.02575420398682174,17,0.011346341843188031,18,0.008509103262183694,19,0.019542836666904803,20,0.01131821421869387,21,0.045159726054549466,22,0.022737841112079462,23,0.03267479192531876,24,0.00994025455762612,25,0.03908045085216265,26,0.01930429024715697,27,0.008098022144213013,28,0.02568587353639882,29,0.01856348266111348,30,0.017428339112619318,31,0.017096425531587512,32,0.01269795287309591,33,0.030314874344965426,34,0.016205506156305057,35,0.03779898971248425,36,0.014649629565600831,37,0.014141675523137142,38,0.019300342464071918,39,0.016603929109653238,40,0.010997128324500097,41,0.010824040744966203,42,0.009344045102096672,43,0.016729299763507236,44,0.019773533114915306,45,0.013378009890759452,46,0.0191109422599193,47,0.020628203896550207,48,0.017190289383663068,49,0.024723914127989934
0,0.017427650763863812,1,0.017355402929408303,2,0.04712618186093842,3,0.01816133869912967,4,0.01074582038760319,5,0.012905771613602431,6,0.013365189813938479,7,0.01427692430208909,8,0.012604291140108376,9,0.01122858197183383,10,0.012615323010438124,11,0.017867769442799795,12,0.014164484592095718,13,0.01253874240505702,14,0.010423123165412492,15,0.00625804152844329,16,0.03761153925746841,17,0.012665638918685633,18,0.016032579292504446,19,0.008802710667903476,20,0.01582549894868922,21,0.020586704347500793,22,0.10025103597745351,23,0.02717130255519815,24,0.01545267403778578,25,0.0334611584558058,26,0.017465531153729303,27,0.05729699864277727,28,0.01849408017293603,29,0.007524680606541051,30,0.009697359718366732,31,0.018091417384459532,32,0.007036051380714192,33,0.006977225045106445,34,0.02393674319287361,35,0.02056428739263891,36,0.018852538090464586,37,0.016286293714934598,38,0.008784197864844741,39,0.01132422589460519,40,0.023536511430763078,41,0.021144271460961886,42,0.010523382371160805,43,0.01756706797723454,44,0.022950237178859342,45,0.03294944732255644,46,0.029803132462580182,47,0.018416875954625742,48,0.015690994880249474,49,0.028160968620259078
0,0.017008967369363786,1,0.013376572570833094,2,0.030561607021474608,3,0.015256479179271006,4,0.011033039215054583,5,0.022874885746893288,6,0.017125708594932218,7,0.021457280459785306,8,0.00952661417824567,9,0.009704775895098227,10,0.010604925639197162,11,0.01929706372717503,12,0.015261588828517131,13,0.01645514034789146,14,0.01180635127528261,15,0.00745802165245141,16,0.019044197556704584,17,0.009517935660095752,18,0.020259036936959872,19,0.008818340928603237,20,0.13287827219797543,21,0.013776450935517113,22,0.016112164503709996,23,0.024926779493152425,24,0.01711433340558433,25,0.02285862115439438,26,0.022052947721778637,27,0.029591595663484106,28,0.015590732699405984,29,0.008569115248874357,30,0.022858490620262007,31,0.024563535723947427,32,0.01839642012703737,33,0.007748836026262695,34,0.021426951491440836,35,0.02133917973611313,36,0.022153395377035225,37,0.015433362671322939,38,0.013012142399498243,39,0.016975530284785163,40,0.011240661761343763,41,0.018019113418528167,42,0.010478184942350626,43,0.035762852175656126,44,0.011600241467106151,45,0.04006868631898256,46,0.01780730732396716,47,0.020751850150354377,48,0.02776835999414859,49,0.012675352182150672
0,0.020431708193065043,1,0.016787577627997142,2,0.060610482273833234,3,0.011931480192822695,4,0.015118338896925949,5,0.016581902725143125,6,0.017593467947276502,7,0.017766114305298748,8,0.0077414892558153505,9,0.00765157036099256,10,0.014995344219435625,11,0.02444140166717085,12,0.011230697893133655,13,0.009737508691470078,14,0.011391857579917395,15,0.02738348637729471,16,0.02712268362159737,17,0.007111529022004257,18,0.03590073616911834,19,0.011101384652226988,20,0.017459138396617467,21,0.012097414348007185,22,0.015339123183437985,23,0.0228143779409933,24,0.00786794741513101,25,0.016188393865478375,26,0.01252384830686709,27,0.01389226918173141,28,0.01144293176318125,29,0.007536205851134393,30,0.010659756845191944,31,0.012188751271162314,32,0.014415531161739716,33,0.008285684381326751,34,0.026191132303992008,35,0.015236611074689786,36,0.017923158482409298,37,0.02578954108047757,38,0.009524864630012163,39,0.01520503034814935,40,0.02574813236992836,41,0.01857923278176919,42,0.17856656200997503,43,0.010900958940223178,44,0.01464007060649075,45,0.015943619202851648,46,0.01840795840029701,47,0.012460393904195621,48,0.027808712529721703,49,0.011731885750277527
0,0.01817502771907276,1,0.010432565594762862,2,0.03783159753844851,3,0.011748515568917357,4,0.011617349965541387,5,0.03517610707341317,6,0.018634706525072126,7,0.02121566715010644,8,0.007273971623613356,9,0.017487906673405662,10,0.01289431244519883,11,0.016466164286855448,12,0.014740804707725633,13,0.010494415739227379,14,0.017810055825934472,15,0.0071806411258870315,16,0.01826847773427086,17,0.008945793121596138,18,0.1406994797987975,19,0.007754807553446415,20,0.013300008315199233,21,0.015142535425282147,22,0.021158770759544015,23,0.03230593252794753,24,0.0234468016141866,25,0.013243836845705443,26,0.012185602093503032,27,0.030856075130080273,28,0.01984069776720013,29,0.012370704855554904,30,0.007575042904463538,31,0.017827939375632967,32,0.011843030532302836,33,0.01393335706933909,34,0.026900825302757274,35,0.018266670531673333,36,0.021422769818416565,37,0.015923508028006985,38,0.01288706362633013,39,0.01487032712301697,40,0.02625488141758596,41,0.021718211118036373,42,0.011193402663734885,43,0.026822854528445277,44,0.008420556116973864,45,0.024838020374645792,46,0.03226510783676751,47,0.012072543073766115,48,0.021462264730226305,49,0.014802290722381603
0,0.016592146341178483,1,0.020365608715210596,2,0.017972383262456783,3,0.016626856098317225,4,0.010860793946768825,5,0.02365222737272687,6,0.013318060890117287,7,0.01685199916246126,8,0.009373305473063096,9,0.01777199333706813,10,0.016378706361475624,11,0.013726598549091121,12,0.018235821609517727,13,0.02497948795767813,14,0.014909777307761244,15,0.0058527811985438685,16,0.066643052396962,17,0.012141267863241371,18,0.02200087813263392,19,0.00638596270557277,20,0.011630167321298469,21,0.027686989177783172,22,0.019421606375363464,23,0.031154492523893018,24,0.012457807366216347,25,0.053383536678114546,26,0.022346242140258266,27,0.025318906142293908,28,0.021559545178137837,29,0.008539095691319169,30,0.02457755904814881,31,0.018712729362071252,32,0.012428741323201495,33,0.012805532820253098,34,0.027693535679397308,35,0.023870354645543525,36,0.020273490768900407,37,0.0297380725903839,38,0.013205650248464469,39,0.01655775293523715,40,0.032262995665184195,41,0.013039428224618965,42,0.014374016360504994,43,0.013967515253224434,44,0.024134719978222953,45,0.026529688949880663,46,0.03414353868631604,47,0.01690135726868516,48,0.009452833007141493,49,0.017192389908095202
0,0.025573762823247508,1,0.020903783411971983,2,0.01893429767682012,3,0.00847129686038502,4,0.015374140808680485,5,0.042864453903412314,6,0.022238573078455198,7,0.02066026425257611,8,0.0068370461570938556,9,0.09259586208030017,10,0.017685876778147754,11,0.017457337267902925,12,0.01595082095935649,13,0.019172281734494007,14,0.009990438420989638,15,0.0038393085697195468,16,0.017050612115704772,17,0.007041246804441508,18,0.025556425718735443,19,0.0070074975509358565,20,0.014335543697226222,21,0.03507062699472703,22,0.012240016680807137,23,0.06663446555306939,24,0.01947609339467467,25,0.007657566130965733,26,0.020708515554367098,27,0.012940809438910789,28,0.03497831888727911,29,0.008126041795525908,30,0.013195592257826322,31,0.015957255898659595,32,0.020230457457771783,33,0.015262350460181111,34,0.025970045870414377,35,0.009788190255090099,36,0.032516348951681255,37,0.02033862538829175,38,0.023051971431671037,39,0.02363776165275144,40,0.01439536057649147,41,0.01266563720112076,42,0.008838898523261486,43,0.02352753468804343,44,0.010253450524828076,45,0.012506225296178128,46,0.014310988875553878,47,0.014859819665472312,48,0.034257281678717624,49,0.007062878245070237
0,0.019636249510459232,1,0.07435200465514095,2,0.022006051004422315,3,0.016306392735693453,4,0.02395172964962931,5,0.024899561827926336,6,0.01825275746034679,7,0.023412447369294095,8,0.008343318402814824,9,0.01103530324406035,10,0.01756489599231266,11,0.031677063242892295,12,0.01860956821440216,13,0.009839902452904824,14,0.009176331403383423,15,0.009658653263074609,16,0.013229465509931412,17,0.0078051642158876045,18,0.02948048417312545,19,0.012171509900258639,20,0.017127825614331578,21,0.008535296831311998,22,0.016882226162133748,23,0.024015195747451527,24,0.00895212112857128,25,0.012268954505709887,26,0.010310189093357888,27,0.016758601270417398,28,0.016115403229975546,29,0.0125659306111756,30,0.013117886519454875,31,0.010701839227209317,32,0.01617828473205887,33,0.007378534197229704,34,0.027100044089100845,35,0.011106806374370944,36,0.017561211185214382,37,0.01939218957663031,38,0.009859830110185121,39,0.016442296941229458,40,0.032631925111224244,41,0.01748980103345666,42,0.012371621062387478,43,0.021365199150046074,44,0.015991089307199745,45,0.019770323911100396,46,0.02383134738903396,47,0.014722748098617693,48,0.13368216363876584,49,0.014364259923086894
0,0.022174800969414186,1,0.018326660869187113,2,0.01470459928175626,3,0.023758611570416997,4,0.014890811895686983,5,0.011098087265625873,6,0.01566088106648435,7,0.01110303197202709,8,0.01368415479027231,9,0.017159243285390317,10,0.10357875269137337,11,0.009762809254516124,12,0.02736614925109507,13,0.015433990727803463,14,0.007106517495728175,15,0.003708914957401397,16,0.015201849594817688,17,0.011529572631228077,18,0.011161379859975992,19,0.013016530775094803,20,0.01081477787908974,21,0.01348424430858876,22,0.02091622062437775,23,0.016726864094123668,24,0.014170608866206795,25,0.025397479946903122,26,0.01875001457570883,27,0.0169288384884934,28,0.03765142280309558,29,0.012150535198313455,30,0.07952442909745343,31,0.021054051182945385,32,0.024249861468174233,33,0.015161169495273127,34,0.023598597820687257,35,0.015455474179190265,36,0.023730111769454696,37,0.026193488600047204,38,0.011933267919279235,39,0.014084916387210326,40,0.016015589268537942,41,0.017303000311366473,42,0.010156741264205628,43,0.0165402562250063,44,0.04195319226058373,45,0.013555075634326215,46,0.015584464491058478,47,0.011859425833742374,48,0.012260294629480693,49,0.022368235171780243
0,0.016673932425518425,1,0.013547804526307921,2,0.015473844932094012,3,0.0270715450792731,4,0.018742398493688348,5,0.015416708686433248,6,0.00832359580616369,7,0.01220850317420648,8,0.009010681647037229,9,0.02115866729437922,10,0.009985855217560237,11,0.015295232886731189,12,0.02948808596814574,13,0.017717080591495307,14,0.01178287574496602,15,0.0074690908779738475,16,0.01753446480624417,17,0.028915069393964193,18,0.009708813613181135,19,0.009057841743051338,20,0.06965591213116672,21,0.012862257652053127,22,0.01412003950482897,23,0.0114923287075348,24,0.010166332461826048,25,0.019162145805673884,26,0.03129453848667349,27,0.015808489434007266,28,0.04686669936073948,29,0.01663944524358653,30,0.01108327415519335,31,0.024352286822086292,32,0.008651644200467325,33,0.016526000994780746,34,0.021913060970293437,35,0.025420220761968024,36,0.017603381146791088,37,0.01582225942687201,38,0.017645944577995225,39,0.01690232994556578,40,0.05456245387426931,41,0.017348869321063064,42,0.007367520000980758,43,0.011210961979271662,44,0.04745545352326765,45,0.02090796062901741,46,0.025743884381819817,47,0.015913505515184178,48,0.01935221664953204,49,0.04156648942707568
0,0.016530945345685766,1,0.017522476658126784,2,0.005412157308901861,3,0.012911964100545547,4,0.007912285176965985,5,0.012351010054699834,6,0.012454595745573647,7,0.0227715662553363,8,0.011589733111110148,9,0.05904082337336321,10,0.015889322601329265,11,0.012790291860406353,12,0.012387560740933607,13,0.010487705125450955,14,0.013397548543267138,15,0.006531077041153313,16,0.020038392068697654,17,0.038045771761423104,18,0.012417186994472139,19,0.019492019602797665,20,0.01087662902621106,21,0.08092699522978927,22,0.01672419051930147,23,0.009915713350371214,24,0.021849853066141157,25,0.008363717806759038,26,0.015420032331155353,27,0.01758630317166816,28,0.02255505111416453,29,0.15221435244003262,30,0.012491757898200596,31,0.014740366357746396,32,0.018918686936152746,33,0.01957084020421023,34,0.027708924961259207,35,0.014101191552188174,36,0.021165220623280932,37,0.009102106658163831,38,0.01697520862604753,39,0.015079857120996392,40,0.013214123557946397,41,0.011960875358488282,42,0.011124215475761536,43,0.015214809116944412,44,0.009190669052297904,45,0.013692872791412925,46,0.010258889881242659,47,0.016396753134303926,48,0.020388938317237582,49,0.012296420850284227
0,0.016636917517139225,1,0.02616349481911843,2,0.01650608251079266,3,0.013644375104342694,4,0.01955798956509304,5,0.026234876715308157,6,0.02245101865119584,7,0.008035526114302112,8,0.009873992709840558,9,0.015405723763873218,10,0.013294897469023383,11,0.018929307828451612,12,0.01627721432936057,13,0.018846765454037923,14,0.13273054268606022,15,0.008876969180968504,16,0.021955857466565074,17,0.008415603062051176,18,0.020988015141230255,19,0.008273994205929846,20,0.012181220133332997,21,0.014025617269964484,22,0.019934795855784844,23,0.025447085453804363,24,0.01090924566790882,25,0.02657554579731429,26,0.015283298023976757,27,0.02129129414003381,28,0.018142265017160212,29,0.010225251394173464,30,0.01500823986866519,31,0.016709914516393823,32,0.011862311194041549,33,0.0377863803540091,34,0.02547521948443066,35,0.02166319051219323,36,0.01275184197440307,37,0.02343288880623848,38,0.02738784573927936,39,0.034316146605738465,40,0.02074416787923352,41,0.019618169592483088,42,0.00958178288275101,43,0.017745182674135516,44,0.01183305755814452,45,0.016744449198087062,46,0.019245212369497063,47,0.01500235958555271,48,0.010675678324044199,49,0.015301177832539852
0,0.013956319056209074,1,0.014018261396301121,2,0.023448097728643775,3,0.018787886536075195,4,0.013545929693540648,5,0.032150037676985405,6,0.03385157969012102,7,0.04086495993964281,8,0.005258389666118662,9,0.00939499613798586,10,0.017782307121655384,11,0.017862072680234636,12,0.017089692240096033,13,0.045925233509954,14,0.015606173942839516,15,0.008261697834066443,16,0.03722790573039156,17,0.010311076404028058,18,0.058436083053615896,19,0.00699124094801858,20,0.01479762079078668,21,0.011802600276329797,22,0.02324965544896427,23,0.02373835346191995,24,0.00882216035395036,25,0.027721105399602968,26,0.02100325826401065,27,0.015472048101755028,28,0.024298744068821952,29,0.00803795368815471,30,0.014989708410809276,31,0.022361477207106385,32,0.01690724236854623,33,0.012709862313019996,34,0.025778042553923842,35,0.01757088279604813,36,0.01679572222322382,37,0.04072400405302278,38,0.01700717059109684,39,0.017885471910877936,40,0.0224222195674254,41,0.025635314441680712,42,0.0094777472043097,43,0.015185912391560457,44,0.029259555997710816,45,0.01727909278645155,46,0.01601053640258975,47,0.010970455361482296,48,0.020230540415256508,49,0.011085600163037525
0,0.02389662939217198,1,0.02546718687469571,2,0.023592887264026592,3,0.009787329764848406,4,0.025080137674291715,5,0.08932943002216481,6,0.025851940943162,7,0.07796775977429354,8,0.010594801788307656,9,0.02663405288618556,10,0.013467460772021836,11,0.014248498350741113,12,0.007854633783198992,13,0.011799006359911398,14,0.010743480304744889,15,0.00533932263662383,16,0.012454505416674888,17,0.009138886253483188,18,0.025299291807328945,19,0.009318467015677939,20,0.021515779869897264,21,0.014754761826997247,22,0.011946940129371891,23,0.027309259686058043,24,0.019175661649560728,25,0.009091135468444346,26,0.02018698351407744,27,0.016314053837929488,28,0.03179328448720632,29,0.019195947281385812,30,0.015494548559659342,31,0.037467294243038275,32,0.014489078936264771,33,0.009576304597814276,34,0.014459518097207538,35,0.023022959445113,36,0.013412843814484104,37,0.005152284889393323,38,0.011690779151578951,39,0.016779360168810514,40,0.021130944332637347,41,0.010629682411334732,42,0.010407157760028415,43,0.023652137127928713,44,0.015619629607561554,45,0.02871261196539918,46,0.02485233419996994,47,0.018767072087202328,48,0.01627069054527308,49,0.01926325122381706
0,0.01762576174690957,1,0.019947221392947606,2,0.030680730725414676,3,0.02356753119412759,4,0.016336650003799233,5,0.016320648473872136,6,0.014472170623875758,7,0.017786557553743594,8,0.019137662668182388,9,0.024257386056247752,10,0.021752174563095635,11,0.013352020017934537,12,0.02700304315067874,13,0.013369181403917732,14,0.008175812865865459,15,0.006424641824810141,16,0.017141018857935172,17,0.011149905057680437,18,0.014054551103780568,19,0.008725213409717289,20,0.012096499654517803,21,0.017360461993136886,22,0.032942759080035744,23,0.010371120380895611,24,0.010558745709548624,25,0.06425725374409832,26,0.017439931592797057,27,0.02351203850021335,28,0.02034346690584007,29,0.015329206745392076,30,0.027161582619460122,31,0.020617307693199777,32,0.017336577061948917,33,0.008873836830217278,34,0.023184821638270136,35,0.016827464891293397,36,0.018923464272164472,37,0.024465264169056082,38,0.010589040502668783,39,0.02322017824119709,40,0.017267298956522136,41,0.014893633070713128,42,0.011805632556093024,43,0.02783574880450469,44,0.0532825708090196,45,0.01603278273941005,46,0.026565629905727944,47,0.019601729954329898,48,0.01601711567006277,49,0.040006952613129164
