hath,0.048986183384173695
eye,0.0346312578503499
light,0.03211914588193074
wit,0.022609007715772473
give,0.022429571146599676
break,0.020635205454871703
o'er,0.02027633231652611
things,0.02009689574735331
fools,0.01794365691727974
time,0.017764220348106943
years,0.016508164363897362
quick,0.014354925533823793
bed,0.013098869549614211
lies,0.012739996411268616
home,0.010945630719540642
sport,0.010945630719540642
wind,0.010227884442849453
hour,0.010048447873676656
wouldst,0.009869011304503858
chance,0.009510138166158264
ere,0.009330701596985465
lie,0.009151265027812668
dry,0.008612955320294276
hair,0.008433518751121478
mirth,0.007895209043603087
rank,0.007895209043603087
foolish,0.007536335905257491
blows,0.007356899336084694
eyes,0.0069980261977390995
grows,0.0069980261977390995
tongue,0.006818589628566302
jest,0.006818589628566302
drop,0.006818589628566302
common,0.006818589628566302
gate,0.006818589628566302
wherefore,0.006639153059393504
brain,0.0062802799210479095
late,0.0062802799210479095
barren,0.006100843351875112
touch,0.006100843351875112
catch,0.005383097075183922
doors,0.005203660506011125
feeling,0.005024223936838328
other's,0.005024223936838328
food,0.0048447873676655305
ass,0.004665350798492732
respect,0.004485914229319935
laid,0.004485914229319935
yesterday,0.004485914229319935
breathe,0.004306477660147138
crow,0.004306477660147138
small,0.004127041090974341
breaks,0.003947604521801543
delight,0.003947604521801543
idle,0.0037681679526287456
faces,0.0037681679526287456
twill,0.0037681679526287456
heaven's,0.0037681679526287456
east,0.0035887313834559484
glad,0.0035887313834559484
ripe,0.0035887313834559484
merry,0.0035887313834559484
cunning,0.0035887313834559484
learn,0.0035887313834559484
jewels,0.0035887313834559484
mend,0.003409294814283151
resolved,0.003409294814283151
lead,0.0032298582451103534
brains,0.0032298582451103534
women's,0.0032298582451103534
dinner,0.003050421675937556
disguised,0.003050421675937556
complexion,0.002870985106764759
ample,0.002870985106764759
pate,0.002691548537591961
kin,0.002691548537591961
beshrew,0.002691548537591961
admirable,0.002691548537591961
painting,0.002691548537591961
gross,0.002512111968419164
aspect,0.002512111968419164
effect,0.002512111968419164
sufferance,0.002512111968419164
shames,0.002332675399246366
falsehood,0.002332675399246366
tonight,0.002332675399246366
worthies,0.002332675399246366
pestilence,0.002332675399246366
breaking,0.002153238830073569
disposed,0.002153238830073569
pieces,0.002153238830073569
pipe,0.002153238830073569
couch,0.002153238830073569
affair,0.002153238830073569
hold,0.0019738022609007717
bald,0.0019738022609007717
plain,0.0019738022609007717
bide,0.0019738022609007717
recover,0.0019738022609007717
proclaimed,0.0019738022609007717
bone,0.0019738022609007717
chooseth,0.0019738022609007717
belie,0.0017943656917279742
detested,0.0017943656917279742
white,0.0017943656917279742
sighing,0.0017943656917279742
vein,0.0017943656917279742
entreat,0.0017943656917279742
heaviness,0.0017943656917279742
incensed,0.0017943656917279742
graces,0.0017943656917279742
avaunt,0.0017943656917279742
chafed,0.0017943656917279742
twould,0.0017943656917279742
bidding,0.0017943656917279742
daughter's,0.0017943656917279742
madonna,0.0017943656917279742
deserves,0.0016149291225551767
blown,0.0016149291225551767
lets,0.0016149291225551767
forms,0.0016149291225551767
steep,0.0016149291225551767
purposed,0.0016149291225551767
dances,0.0016149291225551767
abhor,0.0016149291225551767
motley,0.0016149291225551767
idiot,0.0016149291225551767
false,0.0014354925533823794
ears,0.0014354925533823794
temperate,0.0014354925533823794
packet,0.0014354925533823794
earnest,0.0014354925533823794
highest,0.0014354925533823794
whiles,0.0014354925533823794
trow,0.0014354925533823794
ordinary,0.0014354925533823794
proves,0.0014354925533823794
sconce,0.0014354925533823794
tarry,0.001256055984209582
spirits,0.001256055984209582
scorns,0.001256055984209582
absent,0.001256055984209582
clock,0.001256055984209582
rain,0.001256055984209582
ensue,0.001256055984209582
malady,0.001256055984209582
bethink,0.001256055984209582
courtship,0.001256055984209582
teaches,0.001256055984209582
kissed,0.001256055984209582
debt,0.0010766194150367845
world's,0.0010766194150367845
sung,0.0010766194150367845
parcel,0.0010766194150367845
foreign,0.0010766194150367845
wit's,0.0010766194150367845
directions,0.0010766194150367845
snake,0.0010766194150367845
verge,0.0010766194150367845
scar,0.0010766194150367845
agent,0.0010766194150367845
languish,0.0010766194150367845
conspired,0.0010766194150367845
overheard,0.0010766194150367845
centaur,0.0010766194150367845
finger,0.0008971828458639871
gave,0.0008971828458639871
strange,0.0008971828458639871
kills,0.0008971828458639871
listening,0.0008971828458639871
puts,0.0008971828458639871
harsh,0.0008971828458639871
tell'st,0.0008971828458639871
alike,0.0008971828458639871
garden,0.0008971828458639871
pranks,0.0008971828458639871
crossing,0.0008971828458639871
jealousies,0.0008971828458639871
omit,0.0008971828458639871
preposterous,0.0008971828458639871
hairy,0.0008971828458639871
mince,0.0008971828458639871
stooping,0.0008971828458639871
mistresses,0.0008971828458639871
camel,0.0008971828458639871
grievously,0.0008971828458639871
adds,0.0008971828458639871
utters,0.0008971828458639871
whispering,0.0008971828458639871
life,0.0007177462766911897
vizards,0.0007177462766911897
dress'd,0.0007177462766911897
wilfully,0.0007177462766911897
forgetful,0.0007177462766911897
couldst,0.0007177462766911897
manner,0.0007177462766911897
railing,0.0007177462766911897
garlic,0.0007177462766911897
bent,0.0007177462766911897
conjunction,0.0007177462766911897
consciences,0.0007177462766911897
shut,0.0007177462766911897
rests,0.0007177462766911897
method,0.0007177462766911897
lowly,0.0007177462766911897
trains,0.0007177462766911897
pangs,0.0007177462766911897
triple,0.0007177462766911897
residence,0.0007177462766911897
citadel,0.0007177462766911897
dumain,0.0007177462766911897
charter,0.0007177462766911897
fruitless,0.0007177462766911897
told'st,0.0007177462766911897
beasts,0.0007177462766911897
derision,0.0007177462766911897
childhood,0.0007177462766911897
daylight,0.0007177462766911897
presages,0.0007177462766911897
banner,0.0007177462766911897
goddesses,0.0007177462766911897
ducdame,0.0007177462766911897
furthest,0.0007177462766911897
hobby-horse,0.0007177462766911897
grandmother,0.0007177462766911897
boundless,0.0007177462766911897
bold,0.0005383097075183922
keeping,0.0005383097075183922
displease,0.0005383097075183922
shortly,0.0005383097075183922
assured,0.0005383097075183922
direct,0.0005383097075183922
drunkard,0.0005383097075183922
wondrous,0.0005383097075183922
lavish,0.0005383097075183922
speaking,0.0005383097075183922
speedy,0.0005383097075183922
add,0.0005383097075183922
preach,0.0005383097075183922
fairest,0.0005383097075183922
sweetly,0.0005383097075183922
surmises,0.0005383097075183922
bodily,0.0005383097075183922
bragging,0.0005383097075183922
drinks,0.0005383097075183922
revolution,0.0005383097075183922
observed,0.0005383097075183922
year's,0.0005383097075183922
preferment,0.0005383097075183922
lesser,0.0005383097075183922
wins,0.0005383097075183922
strengthen'd,0.0005383097075183922
nothings,0.0005383097075183922
mistaken,0.0005383097075183922
professes,0.0005383097075183922
alias,0.0005383097075183922
patches,0.0005383097075183922
lysander's,0.0005383097075183922
eastern,0.0005383097075183922
patched,0.0005383097075183922
ribbons,0.0005383097075183922
contriving,0.0005383097075183922
continues,0.0005383097075183922
dependency,0.0005383097075183922
trimming,0.0005383097075183922
voluntary,0.0005383097075183922
rail'd,0.0005383097075183922
gesture,0.0005383097075183922
maw,0.0005383097075183922
spends,0.0005383097075183922
thwart,0.0005383097075183922
belonging,0.0005383097075183922
interior,0.0005383097075183922
gamesome,0.0005383097075183922
bedchamber,0.0005383097075183922
inviting,0.0005383097075183922
swear't,0.0005383097075183922
shell,0.0005383097075183922
journeys,0.0005383097075183922
smelling,0.0005383097075183922
wares,0.0005383097075183922
cherubim,0.0005383097075183922
essence,0.0005383097075183922
outstretch'd,0.0005383097075183922
sunburnt,0.0005383097075183922
prizes,0.0005383097075183922
spokest,0.0005383097075183922
skittish,0.0005383097075183922
find,0.00035887313834559486
thirsty,0.00035887313834559486
butchery,0.00035887313834559486
blessed,0.00035887313834559486
steal,0.00035887313834559486
sugar,0.00035887313834559486
stands,0.00035887313834559486
noted,0.00035887313834559486
loose,0.00035887313834559486
condition,0.00035887313834559486
portly,0.00035887313834559486
anon,0.00035887313834559486
impatience,0.00035887313834559486
drums,0.00035887313834559486
working,0.00035887313834559486
murdered,0.00035887313834559486
chronicles,0.00035887313834559486
possess'd,0.00035887313834559486
fie,0.00035887313834559486
exhalations,0.00035887313834559486
belly,0.00035887313834559486
banks,0.00035887313834559486
drawn,0.00035887313834559486
nag,0.00035887313834559486
loseth,0.00035887313834559486
enlarged,0.00035887313834559486
hie,0.00035887313834559486
tresses,0.00035887313834559486
wonders,0.00035887313834559486
usurping,0.00035887313834559486
advance,0.00035887313834559486
over-ruled,0.00035887313834559486
sorceress,0.00035887313834559486
darnel,0.00035887313834559486
gentler,0.00035887313834559486
righteous,0.00035887313834559486
reckonings,0.00035887313834559486
studied,0.00035887313834559486
abide,0.00035887313834559486
liver,0.00035887313834559486
warms,0.00035887313834559486
winter,0.00035887313834559486
chide,0.00035887313834559486
qualm,0.00035887313834559486
dukedoms,0.00035887313834559486
pulls,0.00035887313834559486
shifted,0.00035887313834559486
disgraces,0.00035887313834559486
desolation,0.00035887313834559486
opes,0.00035887313834559486
o'ershades,0.00035887313834559486
impossibilities,0.00035887313834559486
hits,0.00035887313834559486
hush,0.00035887313834559486
enthralled,0.00035887313834559486
thick-skin,0.00035887313834559486
mockers,0.00035887313834559486
aby,0.00035887313834559486
churchyards,0.00035887313834559486
runaway,0.00035887313834559486
conn'd,0.00035887313834559486
plants,0.00035887313834559486
grain,0.00035887313834559486
jolly,0.00035887313834559486
outstare,0.00035887313834559486
vanish,0.00035887313834559486
biscuit,0.00035887313834559486
vents,0.00035887313834559486
concave,0.00035887313834559486
basting,0.00035887313834559486
scanted,0.00035887313834559486
unmingled,0.00035887313834559486
scann'd,0.00035887313834559486
rope's-end,0.00035887313834559486
marriages,0.00035887313834559486
minded,0.00035887313834559486
mask'd,0.00035887313834559486
shrug,0.00035887313834559486
handkerchers,0.00035887313834559486
charters,0.00035887313834559486
lonely,0.00035887313834559486
say't,0.00035887313834559486
shes,0.00035887313834559486
bellyful,0.00035887313834559486
whiter,0.00035887313834559486
employments,0.00035887313834559486
cancel,0.00035887313834559486
brothel,0.00035887313834559486
potently,0.00035887313834559486
indifferent,0.00035887313834559486
flashes,0.00035887313834559486
boldest,0.00035887313834559486
hoof,0.00035887313834559486
joyous,0.00035887313834559486
digestion,0.00035887313834559486
formless,0.00035887313834559486
rainbow,0.00035887313834559486
lear's,0.00035887313834559486
sluiced,0.00035887313834559486
overflow,0.00035887313834559486
cuckold's,0.00035887313834559486
endued,0.00035887313834559486
martlet,0.00035887313834559486
unmake,0.00035887313834559486
milkmaid,0.00035887313834559486
cucullus,0.00035887313834559486
riddance,0.00035887313834559486
kiln-hole,0.00035887313834559486
swearings,0.00035887313834559486
unpin,0.00035887313834559486
wealthily,0.00035887313834559486
olivia's,0.00035887313834559486
flame-coloured,0.00017943656917279743
tuesday,0.00017943656917279743
cup,0.00017943656917279743
bargain,0.00017943656917279743
o'clock,0.00017943656917279743
immask,0.00017943656917279743
changing,0.00017943656917279743
agents,0.00017943656917279743
discontents,0.00017943656917279743
written,0.00017943656917279743
beat,0.00017943656917279743
abundance,0.00017943656917279743
thief's,0.00017943656917279743
peach,0.00017943656917279743
closer,0.00017943656917279743
spake,0.00017943656917279743
compound,0.00017943656917279743
huge,0.00017943656917279743
bowcase,0.00017943656917279743
dexterity,0.00017943656917279743
alderman's,0.00017943656917279743
swollen,0.00017943656917279743
thrice,0.00017943656917279743
westward,0.00017943656917279743
canstick,0.00017943656917279743
follow,0.00017943656917279743
beardless,0.00017943656917279743
skin,0.00017943656917279743
ill,0.00017943656917279743
cuisses,0.00017943656917279743
thighs,0.00017943656917279743
feather'd,0.00017943656917279743
bleeding,0.00017943656917279743
one-half,0.00017943656917279743
sutton,0.00017943656917279743
pressed,0.00017943656917279743
vigilant,0.00017943656917279743
absolute,0.00017943656917279743
shot,0.00017943656917279743
fantasy,0.00017943656917279743
sorcerers,0.00017943656917279743
sharp,0.00017943656917279743
chased,0.00017943656917279743
pope,0.00017943656917279743
spy'st,0.00017943656917279743
hurl,0.00017943656917279743
transported,0.00017943656917279743
scale,0.00017943656917279743
yond,0.00017943656917279743
shining,0.00017943656917279743
touching,0.00017943656917279743
token,0.00017943656917279743
recompensed,0.00017943656917279743
signior,0.00017943656917279743
prick'd,0.00017943656917279743
passions,0.00017943656917279743
latest,0.00017943656917279743
buckled,0.00017943656917279743
succors,0.00017943656917279743
perisheth,0.00017943656917279743
rear'd,0.00017943656917279743
random,0.00017943656917279743
decrepit,0.00017943656917279743
violent,0.00017943656917279743
rebel's,0.00017943656917279743
devour,0.00017943656917279743
stopping,0.00017943656917279743
pond,0.00017943656917279743
louder,0.00017943656917279743
weeping,0.00017943656917279743
plate,0.00017943656917279743
inventory,0.00017943656917279743
tardily,0.00017943656917279743
defensible,0.00017943656917279743
cuttle,0.00017943656917279743
welkin,0.00017943656917279743
bare-headed,0.00017943656917279743
buzzing,0.00017943656917279743
beachy,0.00017943656917279743
toil'd,0.00017943656917279743
consist,0.00017943656917279743
illumineth,0.00017943656917279743
scalds,0.00017943656917279743
remission,0.00017943656917279743
females,0.00017943656917279743
samingo,0.00017943656917279743
debating,0.00017943656917279743
behoves,0.00017943656917279743
profit,0.00017943656917279743
ran'st,0.00017943656917279743
frenchwoman,0.00017943656917279743
mounts,0.00017943656917279743
abrook,0.00017943656917279743
chariot-wheels,0.00017943656917279743
showers,0.00017943656917279743
morisco,0.00017943656917279743
conflict,0.00017943656917279743
blinded,0.00017943656917279743
enfranchisement,0.00017943656917279743
lukewarm,0.00017943656917279743
miserably,0.00017943656917279743
parted,0.00017943656917279743
fared,0.00017943656917279743
foeman's,0.00017943656917279743
commixture,0.00017943656917279743
shroud,0.00017943656917279743
chimney's,0.00017943656917279743
barricado,0.00017943656917279743
eminent,0.00017943656917279743
aweary,0.00017943656917279743
on's,0.00017943656917279743
pancake,0.00017943656917279743
du,0.00017943656917279743
amorous,0.00017943656917279743
movousus,0.00017943656917279743
high'st,0.00017943656917279743
amounts,0.00017943656917279743
fry,0.00017943656917279743
outruns,0.00017943656917279743
foolery,0.00017943656917279743
doughy,0.00017943656917279743
gawds,0.00017943656917279743
earthlier,0.00017943656917279743
unwished,0.00017943656917279743
unheedy,0.00017943656917279743
wildest,0.00017943656917279743
engilds,0.00017943656917279743
whereto,0.00017943656917279743
runn'st,0.00017943656917279743
triumphantly,0.00017943656917279743
spartan,0.00017943656917279743
scarce-bearded,0.00017943656917279743
joining,0.00017943656917279743
importeth,0.00017943656917279743
browsed'st,0.00017943656917279743
decays,0.00017943656917279743
perfume,0.00017943656917279743
tawny-finn'd,0.00017943656917279743
slimy,0.00017943656917279743
partisan,0.00017943656917279743
bacchus,0.00017943656917279743
habiliments,0.00017943656917279743
dear'st,0.00017943656917279743
descried,0.00017943656917279743
claps,0.00017943656917279743
adieus,0.00017943656917279743
prophesying,0.00017943656917279743
dolphin-like,0.00017943656917279743
lordliness,0.00017943656917279743
immoment,0.00017943656917279743
extemporally,0.00017943656917279743
unpolicied,0.00017943656917279743
burghers,0.00017943656917279743
mocker,0.00017943656917279743
poke,0.00017943656917279743
mewling,0.00017943656917279743
earliest,0.00017943656917279743
thatched,0.00017943656917279743
injure,0.00017943656917279743
sale-work,0.00017943656917279743
examines,0.00017943656917279743
retort,0.00017943656917279743
sequel,0.00017943656917279743
homeward,0.00017943656917279743
saddler,0.00017943656917279743
alluring,0.00017943656917279743
host's,0.00017943656917279743
felt'st,0.00017943656917279743
crannies,0.00017943656917279743
dealer,0.00017943656917279743
unurged,0.00017943656917279743
estranged,0.00017943656917279743
undividable,0.00017943656917279743
diminishing,0.00017943656917279743
harlot-brow,0.00017943656917279743
deep-divorcing,0.00017943656917279743
niggardly,0.00017943656917279743
harshly,0.00017943656917279743
infant-like,0.00017943656917279743
napes,0.00017943656917279743
disbench'd,0.00017943656917279743
fens,0.00017943656917279743
rove,0.00017943656917279743
sided,0.00017943656917279743
centurions,0.00017943656917279743
vexations,0.00017943656917279743
jack-slave,0.00017943656917279743
cutter,0.00017943656917279743
fainter,0.00017943656917279743
something's,0.00017943656917279743
rejoicingly,0.00017943656917279743
hostage,0.00017943656917279743
shielded,0.00017943656917279743
sledded,0.00017943656917279743
nighted,0.00017943656917279743
amber,0.00017943656917279743
goose-quills,0.00017943656917279743
uncurrent,0.00017943656917279743
unnerved,0.00017943656917279743
dumbshows,0.00017943656917279743
blasting,0.00017943656917279743
film,0.00017943656917279743
impetuous,0.00017943656917279743
demi-natured,0.00017943656917279743
sipping,0.00017943656917279743
o'er-reaches,0.00017943656917279743
o'ertop,0.00017943656917279743
shriller,0.00017943656917279743
insisted,0.00017943656917279743
abridged,0.00017943656917279743
imitations,0.00017943656917279743
meisen,0.00017943656917279743
corroborate,0.00017943656917279743
heart-grief,0.00017943656917279743
madams,0.00017943656917279743
consulting,0.00017943656917279743
top-proud,0.00017943656917279743
reproved,0.00017943656917279743
tanta,0.00017943656917279743
hard-ruled,0.00017943656917279743
toothpick,0.00017943656917279743
accoutrement,0.00017943656917279743
ill-tuned,0.00017943656917279743
unscratch'd,0.00017943656917279743
indifferency,0.00017943656917279743
unpleasing,0.00017943656917279743
lilies,0.00017943656917279743
supporter,0.00017943656917279743
fores,0.00017943656917279743
wilful-opposite,0.00017943656917279743
souse,0.00017943656917279743
welkin's,0.00017943656917279743
eye-sight,0.00017943656917279743
monopoly,0.00017943656917279743
hedge-sparrow,0.00017943656917279743
disclaims,0.00017943656917279743
hysterica,0.00017943656917279743
passio,0.00017943656917279743
depositaries,0.00017943656917279743
to-and-fro-conflicting,0.00017943656917279743
belly-pinched,0.00017943656917279743
rain-water,0.00017943656917279743
cruels,0.00017943656917279743
dog-hearted,0.00017943656917279743
aidant,0.00017943656917279743
poisoned,0.00017943656917279743
lagging,0.00017943656917279743
lean-witted,0.00017943656917279743
rug-headed,0.00017943656917279743
norbery,0.00017943656917279743
life-harming,0.00017943656917279743
disorderly,0.00017943656917279743
carver,0.00017943656917279743
abet,0.00017943656917279743
reposeth,0.00017943656917279743
o'erthrows,0.00017943656917279743
unthrifty,0.00017943656917279743
reflecting,0.00017943656917279743
help'st,0.00017943656917279743
dorset's,0.00017943656917279743
mortal-staring,0.00017943656917279743
study's,0.00017943656917279743
intellects,0.00017943656917279743
ever-esteemed,0.00017943656917279743
strong-jointed,0.00017943656917279743
maculate,0.00017943656917279743
vow-fellows,0.00017943656917279743
pick-purses,0.00017943656917279743
ethiopes,0.00017943656917279743
allons,0.00017943656917279743
hauf,0.00017943656917279743
laus,0.00017943656917279743
venue,0.00017943656917279743
well-liking,0.00017943656917279743
roes,0.00017943656917279743
pedler,0.00017943656917279743
honey-tongued,0.00017943656917279743
hyperboles,0.00017943656917279743
three-headed,0.00017943656917279743
iscariot,0.00017943656917279743
columbine,0.00017943656917279743
mercade,0.00017943656917279743
gravities,0.00017943656917279743
purifies,0.00017943656917279743
procreant,0.00017943656917279743
franchised,0.00017943656917279743
indissoluble,0.00017943656917279743
trenched,0.00017943656917279743
bear-like,0.00017943656917279743
morality,0.00017943656917279743
extracting,0.00017943656917279743
dizy,0.00017943656917279743
disvalued,0.00017943656917279743
brain'd,0.00017943656917279743
definitive,0.00017943656917279743
dock'd,0.00017943656917279743
gudgeon,0.00017943656917279743
eaning,0.00017943656917279743
inserted,0.00017943656917279743
estimable,0.00017943656917279743
new-varnish'd,0.00017943656917279743
shuddering,0.00017943656917279743
impenetrable,0.00017943656917279743
pork-eaters,0.00017943656917279743
jews,0.00017943656917279743
mending,0.00017943656917279743
manna,0.00017943656917279743
varletto,0.00017943656917279743
fritters,0.00017943656917279743
bleats,0.00017943656917279743
decerns,0.00017943656917279743
extincted,0.00017943656917279743
paddle,0.00017943656917279743
practising,0.00017943656917279743
unblessed,0.00017943656917279743
jesses,0.00017943656917279743
suppertime,0.00017943656917279743
recognizance,0.00017943656917279743
dove-house,0.00017943656917279743
pantry,0.00017943656917279743
fore-finger,0.00017943656917279743
dew-dropping,0.00017943656917279743
unplagued,0.00017943656917279743
nuptials,0.00017943656917279743
letter's,0.00017943656917279743
tiptoe,0.00017943656917279743
savage-wild,0.00017943656917279743
potion's,0.00017943656917279743
minimo,0.00017943656917279743
chiders,0.00017943656917279743
needlework,0.00017943656917279743
instrument's,0.00017943656917279743
full-gorged,0.00017943656917279743
strokedst,0.00017943656917279743
heart-sorrow,0.00017943656917279743
lass-lorn,0.00017943656917279743
grass-plot,0.00017943656917279743
useless,0.00017943656917279743
spell-stopp'd,0.00017943656917279743
apprehendest,0.00017943656917279743
omitt'st,0.00017943656917279743
night-rest,0.00017943656917279743
gouty,0.00017943656917279743
canons,0.00017943656917279743
unappeased,0.00017943656917279743
unroll,0.00017943656917279743
hew'd,0.00017943656917279743
revenge's,0.00017943656917279743
purus,0.00017943656917279743
jaculis,0.00017943656917279743
wrapped,0.00017943656917279743
unbodied,0.00017943656917279743
abash'd,0.00017943656917279743
boreas,0.00017943656917279743
ray,0.00017943656917279743
myrmidon,0.00017943656917279743
marvels,0.00017943656917279743
great-sized,0.00017943656917279743
forthright,0.00017943656917279743
grasps,0.00017943656917279743
aquilon,0.00017943656917279743
drain'd,0.00017943656917279743
whereout,0.00017943656917279743
receiveth,0.00017943656917279743
earlier,0.00017943656917279743
parish-top,0.00017943656917279743
chambermaid,0.00017943656917279743
kickshawses,0.00017943656917279743
mall's,0.00017943656917279743
semblative,0.00017943656917279743
zanies,0.00017943656917279743
shrewishly,0.00017943656917279743
peevishly,0.00017943656917279743
proper-false,0.00017943656917279743
vapians,0.00017943656917279743
equinoctial,0.00017943656917279743
coziers,0.00017943656917279743
hurling,0.00017943656917279743
feel't,0.00017943656917279743
merops,0.00017943656917279743
communicatest,0.00017943656917279743
hardening,0.00017943656917279743
chamber-councils,0.00017943656917279743
posterns,0.00017943656917279743
federary,0.00017943656917279743
liege-man,0.00017943656917279743
missingly,0.00017943656917279743
swain's,0.00017943656917279743
low-born,0.00017943656917279743
dildos,0.00017943656917279743
review,0.00017943656917279743
